Line,No,REGIST,MIC001,MIC004,CHART,MIC005,MIC006,MIC007,MIC008,MI0002,MI0001,MCE0040,MI0979,MI1070,MI0959,MI0248,備考
,1,,1381,アクシーズ,,東Ｓ,水産・農林業,食品,食肉加工,152.00,"2,706.0",0.00,3.64,鶏肉国内大手。ケンタッキー（ＫＦＣ）と食肉卸向け柱。飼料製造から加工まで一貫。外食ＦＣも,4.82,0.00,
,2,,1717,明豊ファシリティW,,東Ｓ,サービス業,建設・土木,建設コンサル・地質調査,116.89,915.0,1.00,4.20,事務所や工場、学校などの建設・移転を支援するＣＭ（コンストラクションマネジメント）主力,17.76,11.60,
,3,,1721,コムシスHLD,,東Ｐ,建設業,設備工事,通信設備工事,"4,286.59","3,223.0",5.00,3.56,キャリア向けの電気通信工事大手。ネットワーク構築に強み。インフラ工事やＩＴ構築を強化中,7.73,3.75,
,4,,1776,三井住建道路,,東Ｓ,建設業,建設・土木,道路舗装,98.43,"1,061.0",0.00,3.77,道路舗装中堅。三井住友Ｇ関連の工事が強み。官庁以外の工事拡大に注力。有利子負債ゼロ,5.05,0.00,
,5,,1925,大和ハウス工業,,東Ｐ,建設業,住宅建設,住宅建設,"30,500.90","4,625.0",4.00,3.35,賃貸住宅、商業施設、物流など事業施設の３本柱。戸建てや内外の都市開発も。配当性向３５％超,10.99,0.45,
,6,,1926,ライト工業,,東Ｐ,建設業,建設・土木,建設・土木,"1,066.89","2,205.0",5.00,3.53,東北発祥。法面・地盤改良など特殊土木に強い。技術力に定評。好財務。配当性向３５％方針,10.53,0.00,
,7,,1928,積水ハウス,,東Ｐ、名Ｐ,建設業,住宅建設,住宅建設,"23,887.77","3,603.0",6.00,3.58,ハウスメーカーの雄。戸建てから賃貸住宅、マンション等に展開。国内外で不動産開発も,11.91,0.00,
,8,,1930,北陸電気工事,,東Ｐ,建設業,設備工事,電力会社系電気設備工事,328.40,"1,096.0",0.00,3.64,電気工事会社。北陸電力の子会社。北陸電向け売上高３割強。地盤の北陸から徐々に全国展開,5.97,10.76,
,9,,1951,エクシオグループ,,東Ｐ,建設業,設備工事,通信設備工事,"3,552.88","1,703.0",2.00,3.69,ＮＴＴ工事など電気通信工事大手。インフラ工事やＩＴ関連を開拓中。海外Ｍ＆Ａにも積極的,7.12,0.00,
,10,,2002,日清製粉G本社,,東Ｐ,食料品,食品,製粉,"5,379.52","1,767.5",10.00,3.11,製粉で圧倒的トップ。食品もパスタ類強く、大手級。エンジニアリング展開、海外Ｍ＆Ａ積極化,7.79,0.00,
,11,,2130,メンバーズ,,東Ｐ,サービス業,他産業サービス・製品,人材派遣・請負,138.24,"1,030.0",1.00,3.10,専門スキル持つ人材（ＤＣ）が成果型チーム（ＤＧＴ）を組み、顧客のデジタルビジネスを支援,2.52,0.00,
,12,,2154,オープンアップG,,東Ｐ,サービス業,他産業サービス・製品,人材派遣・請負,"1,663.26","1,812.0",10.00,4.41,開発系エンジニアと建設技術者の派遣が柱。工場向け派遣、英国を中心とする海外での派遣も,15.43,0.00,
,13,,2163,アルトナー,,東Ｐ,サービス業,他産業サービス・製品,人材派遣・請負,214.47,"2,018.0",5.00,4.06,技術者派遣の古参。機械、電気・電子、ソフトの設計開発が軸。人材紹介進出。配当性向高い,27.62,―,
,14,,2269,明治ホールディング,,東Ｐ,食料品,食品,乳業,"8,869.54","3,143.0",5.00,3.18,明治製菓と明治乳業が０９年統合。１１年に国内首位の乳業、菓子と医薬品に再再編。海外拡大中,6.69,0.00,
,15,,2292,S FOODS,,東Ｐ,食料品,食品,食肉加工,838.96,"2,600.0",5.00,3.42,牛肉、内臓肉輸入の先駆。加工品は『こてっちゃん』が主力。食肉小売り・外食も。米国に自社工場,3.53,0.00,
,16,,2353,日本駐車場開発,,東Ｐ,不動産業,他個人サービス・製品,駐車場運営,728.15,209.0,1.50,3.34,商業施設等の転貸型月極駐車場を国内外で運営。傘下に日本スキー場開発、テーマパークも,30.38,―,
,17,,2374,セントケアHLD,,東Ｐ,サービス業,ヘルスケア製品・サービス,介護サービス・老人ホーム,182.77,731.0,2.00,3.69,訪問介護、入浴、通所介護主体。訪問看護、看護小規模多機能型施設など医療系サービス育成中,12.07,-9.10,
,18,,2391,プラネット,,東Ｓ,サービス業,SI・ソフトウエア開発,ITインフラ構築,84.96,"1,281.0",0.50,3.39,メーカー・卸間の電子データ通信・交換（ＥＤＩ）仲介。日用雑貨業界８社とインテックが設立,6.45,0.00,
,19,,2498,オリエンタルコンH,,東Ｓ,サービス業,建設・土木,建設コンサル・地質調査,312.68,"5,080.0",25.00,3.93,総合建設コンサルタント大手。オリエンタルコンサルタンツが中核。海外インフラにも強み,11.89,0.00,
,20,,2502,アサヒグループHD,,東Ｐ,食料品,飲料,酒類,"24,427.42","1,606.0",50.67,3.11,ビール類国内シェア首位級の酒類・飲料メーカー。傘下にカルピス、ニッカ。欧州など海外強化,7.84,0.00,
,21,,2733,あらた,,東Ｐ,卸売業,トイレタリー・化粧品,トイレタリー卸,"1,103.35","3,060.0",9.50,3.79,日用品卸最大手級。ダイカ、伊藤伊、サンビック統合で設立。独立系。ＰＢ品開発も手がける,10.02,0.00,
,22,,3003,ヒューリック,,東Ｐ,不動産業,不動産(非住宅),不動産賃貸,"10,478.10","1,364.5",4.00,3.95,旧富士銀行の銀行店舗ビル管理から出発。都区内の駅近接ビル中心に好物件所有、物件多角化へ,12.86,0.00,
,23,,3050,DCMHLD,,東Ｐ,小売業,他消費財小売り,ホームセンター,"2,058.32","1,405.0",2.00,3.13,ホームセンター業界２位。『ＤＣＭ』や『ホダカ』、小型店『ニコット』を展開。Ｍ＆Ａに積極的,7.72,―,
,24,,3166,OCHIHLD,,東Ｓ、福証,卸売業,住宅設備・機器,住宅資材・設備卸売り,182.52,"1,341.0",0.00,4.02,住宅建材の中堅卸。九州地盤、Ｍ＆Ａで全国展開。木材加工、環境、エンジニアリングとの４本柱,4.93,0.00,
,25,,3191,ジョイフル本田,,東Ｐ,小売業,他消費財小売り,ホームセンター,"1,203.59","1,840.0",14.00,3.47,ホームセンター大手。関東１都５県で５万平方mの超大型店を展開。４０万点以上の品ぞろえに強み,6.61,0.00,
,26,,3231,野村不動産HLD,,東Ｐ,不動産業,不動産(非住宅),総合不動産,"7,171.99","3,910.0",25.00,4.34,総合不動産大手。主力のマンション開発、分譲に加え、自社ブランドの賃貸ビルやホテルも展開,10.13,0.00,
,27,,3277,サンセイランディク,,東Ｓ,不動産業,不動産(住宅),中古住宅販売,79.66,928.0,8.00,4.41,権利関係が複雑な不動産を買い取り、関係調整したうえで再販。戸建て建築、不動産仲介も併営,9.10,8.33,
,28,,3288,オープンハウスG,,東Ｐ,不動産業,不動産(住宅),戸建て,"6,233.17","5,165.0",2.00,3.25,都内２３区など都心部の狭小戸建て住宅に強み。仕入れから建築まで一貫。２２年１月持株会社化,17.67,0.00,
,29,,3538,ウイルプラスHLD,,東Ｓ,小売業,他消費財小売り,自動車ディーラー,103.45,995.0,1.55,4.52,輸入車販売業者。ジープやフィアット、ＢＭＷ、ボルボが柱。中古車、整備事業も。Ｍ＆Ａ積極的,14.68,0.07,
,30,,3768,リスクモンスター,,東Ｓ,情報・通信業,金融サービス,金融情報提供,27.64,362.0,0.00,4.14,独自データベースに基づく与信管理サービスを提供。ｅラーニング事業やＢＰＯも展開,-19.52,0.00,
,31,,3847,パシフィックS,,東Ｓ,情報・通信業,SI・ソフトウエア開発,ITインフラ構築,61.93,"4,185.0",0.00,3.24,太平洋セメント系の情報サービス業。画像処理に強み。親会社向け販売３割で、顧客開拓が課題,9.53,27.59,
,32,,4205,日本ゼオン,,東Ｐ,化学,化学,化成品・樹脂,"3,260.24","1,420.5",25.00,4.92,古河系。合成ゴム大手。タイヤ向けや各種特殊品を展開。合成ラテックス、高機能材料なども,5.24,0.00,
,33,,4206,アイカ工業,,東Ｐ、名Ｐ,化学,住宅設備・機器,住宅資材・設備,"2,176.41","3,220.0",4.00,3.60,メラミン化粧板で国内首位。不燃機能持たせた壁面材強い。海外接着剤会社買収しアジア強化,10.01,0.00,
,34,,4212,積水樹脂,,東Ｐ,化学,建設関連製品・設備,建設関連製品・設備,648.99,"2,040.0",5.00,3.43,防護壁など道路資材でトップ。外構・景観製品のデザイン力に強み。欧州強化中。積水グループ,3.75,0.00,
,35,,4326,インテージHLD,,東Ｐ,情報・通信業,他産業サービス・製品,市場調査,593.85,"1,469.0",2.00,3.40,日本で唯一、消費、販売の両パネル調査網持つ。市場調査分野で国内首位、２３年ドコモ傘下に,11.48,0.00,
,36,,4345,シーティーエス,,東Ｐ,サービス業,建設関連製品・設備,仮設建物・ユニットハウス,348.60,830.0,2.50,3.01,建設ＩＣＴの専門会社。現場向けＩＴインフラ、測量計測機器軸に全国展開。配当は業績に連動,16.18,0.00,
,37,,4503,アステラス製薬,,東Ｐ,医薬品,医薬品,医薬品,"27,325.91","1,510.0",4.00,4.90,医薬品国内２位。開発技術起点の研究開発体制。前立腺がん薬が柱。遺伝子・細胞治療技術育成,4.07,25.00,
,38,,4516,日本新薬,,東Ｐ,医薬品,医薬品,医薬品,"2,780.55","3,958.0",0.00,3.53,医家向け医薬品主体、自社創薬は泌尿器科、血液内科、難病・希少疾患に集中。機能食品も育成,13.62,0.00,
,39,,4671,ファルコHLD,,東Ｓ,サービス業,ヘルスケア製品・サービス,臨床検査,258.72,"2,335.0",5.00,5.13,臨床検査受託大手、調剤薬局、クラウド型医療施設支援展開。遺伝子検査技術生かす診断薬育成,6.55,0.00,
,40,,4732,ユー・エス・エス,,東Ｐ、名Ｐ,サービス業,他産業サービス・製品,中古車卸売り・オークション,"6,846.48","1,332.0",3.90,3.25,中古車オークション会場の運営で断トツ。中古車買い取り専門店の『ラビット』も。好財務,18.56,0.00,
,41,,4763,クリーク&リバー社,,東Ｐ,サービス業,他産業サービス・製品,人材派遣・請負,375.04,"1,630.0",2.00,3.06,テレビ・ゲーム・Ｗｅｂ・広告等の派遣、制作が主。医療、会計・法曹など専門職分野にも意欲,19.93,―,
,42,,4765,SBIグロバルAM,,東Ｐ,サービス業,金融サービス,金融情報提供,590.94,659.0,0.00,3.26,金融機関の有価証券運用受託が柱。投信データ販売やセミナー、指数連動投信も。ＳＢＩ傘下,11.27,―,
,43,,4848,フルキャストHLD,,東Ｐ,サービス業,他産業サービス・製品,人材派遣・請負,546.55,"1,458.0",1.00,4.25,日雇い派遣から撤退し、アルバイト紹介と同給与管理代行に主力事業を移行。警備業務請負も,22.63,0.00,
,44,,4928,ノエビアHLD,,東Ｐ,化学,トイレタリー・化粧品,化粧品,"1,605.36","4,700.0",0.00,4.89,小売り向け化粧品と対面販売で高級基礎化粧品展開。傘下の常盤薬品は栄養飲料、アメに強み,15.05,1.73,
,45,,5280,ヨシコン,,東Ｓ,不動産業,不動産(住宅),マンション分譲,120.45,"1,500.0",3.00,3.86,静岡地盤。マンションや事業用不動産を開発。ＲＥＩＴ運用。祖業のコンクリはファブレス化,9.90,0.00,
,46,,5970,ジーテクト,,東Ｐ,金属製品,自動車部品,自動車部品(プレス),734.09,"1,671.0",7.00,4.54,ホンダ系の自動車骨格プレス部品メーカー。１１年菊池プレスが高尾金属を合併。海外積極展開,5.53,5.63,
,47,,6028,テクノプロHLD,,東Ｐ,サービス業,他産業サービス・製品,人材派遣・請負,"3,041.99","2,911.0",10.00,3.57,国内最大級の技術系人材サービスグループの持株会社。ＩＴ技術者に強み。配当性向５割方針,22.91,0.00,
,48,,6196,ストライク,,東Ｐ,サービス業,他産業サービス・製品,経営コンサル,681.26,"3,520.0",11.00,3.15,中小企業の事業承継案件主体のＭ＆Ａ仲介会社。譲渡先、買収先双方からの仲介報酬が収益源,30.48,0.03,
,49,,6294,オカダアイヨン,,東Ｐ,機械,建設農業機械・産業車両,建設機械,155.08,"1,851.0",4.00,3.99,破砕・解体用建機メーカー。環境機械も仕入れ販売。米国など海外も拡大中。林業機械会社買収,9.50,0.00,
,50,,6432,竹内製作所,,東Ｐ,機械,建設農業機械・産業車両,建設機械,"2,398.50","4,895.0",42.00,4.08,ミニショベル主体の建機中堅、クローラーローダーを世界初開発、海外販売比率高くシェア上位,20.32,―,
,51,,6737,EIZO,,東Ｐ,電気機器,電子部品・産業用電子機器,パソコン・周辺機器,929.36,"2,114.0",57.50,5.20,ヘルスケアや航空管制など特定産業用からアミューズメント用まで。映像技術の総合企業標榜,2.62,0.00,
,52,,6750,エレコム,,東Ｐ,電気機器,電子部品・産業用電子機器,パソコン・周辺機器,"1,333.52","1,446.0",4.00,3.31,ＰＣ周辺機器のファブレスメーカー。マウス、キーボード、スマホ関連で首位。法人向け強化中,9.73,-7.47,
,53,,6996,ニチコン,,東Ｐ,電気機器,電子部品・産業用電子機器,コンデンサー,824.46,"1,057.0",1.00,3.21,車や家電等で使われるコンデンサーを製販。次世代車向け育成中。家庭用蓄電システムも展開,5.50,0.00,
,54,,7164,全国保証,,東Ｐ,その他金融業,金融サービス,金融保証会社,"3,684.64","5,350.0",27.00,4.37,住宅ローン保証の最大手。独立系。Ｍ＆Ａに積極的。事業領域拡大目指しベンチャー投資も,13.32,-2.47,
,55,,7208,カネミツ,,東Ｓ,輸送用機器,自動車部品,自動車部品(駆動系),42.62,831.0,0.50,3.61,エンジン動力伝達の自動車用プーリ（滑車）で国内首位。日本の全自動車メーカーと取引実績,4.82,0.00,
,56,,7313,テイ・エス テック,,東Ｐ,輸送用機器,自動車部品,自動車部品(内装),"2,369.12","1,742.0",10.00,4.76,ホンダ系の４輪シート部品メーカー。２輪車用も手がける。約９割がホンダグループ向け,3.67,0.00,
,57,,7438,コンドーテック,,東Ｐ,卸売業,建設関連製品・設備,建設資材販売,348.27,"1,322.0",6.00,3.63,足場吊りチェーン、結合金具等の産業資材大手。鉄構資材等も。仕入れ販売中心だが一部は内製,9.73,0.00,
,58,,7466,SPK,,東Ｐ,卸売業,自動車部品,自動車部品卸売り,216.81,"2,074.0",10.00,3.13,自動車用補修・車検部品の卸。建機組み付けも。連続増配期数は全上場会社中２位。好財務,10.37,6.56,
,59,,7520,エコス,,東Ｐ,小売業,コンビニ・食品小売り,食品スーパー・小売り,237.87,"2,042.0",0.00,3.18,東京・多摩地区から北関東へ『ＴＡＩＲＡＹＡ』『エコス』等食品スーパーを展開。Ｍ＆Ａで成長,16.75,―,
,60,,7613,シークス,,東Ｐ,卸売業,電子部品・産業用電子機器,電子機器・部品販売,581.61,"1,154.0",4.00,4.15,電子機器の製造受託（ＥＭＳ）国内トップ。調達・組み立てまで一貫、商社機能も。車載関連が成長,5.16,0.00,
,61,,7990,グローブライド,,東Ｐ,その他製品,娯楽用品,アウトドア,451.68,"1,882.0",10.00,4.25,『ダイワ』ブランドの釣り具で世界トップ。ゴルフ、テニスなど総合志向。上期に利益偏重,6.45,3.63,
,62,,8012,長瀬産業,,東Ｐ,卸売業,化学,化学品商社,"3,442.65","2,996.0",10.00,3.00,電子材料・合成樹脂等の化学品専門商社首位。医薬中間体等も展開。傘下にバイオの旧林原も,7.35,4.10,
,63,,8015,豊田通商,,東Ｐ、名Ｐ,卸売業,総合商社,総合商社,"28,115.62","2,647.0",6.67,3.77,トヨタ系の総合商社、０６年トーメン合併。自動車関連事業で営業利益の７割稼ぐ。アフリカ強い,14.18,―,
,64,,8037,カメイ,,東Ｐ,卸売業,燃料・資源,燃料商社,655.60,"1,744.0",8.00,3.21,東北最大の石油・ＬＰガス卸。傘下にトヨタ販社。異業種含めたＭ＆Ａ駆使し多角化を志向,6.29,0.00,
,65,,8117,中央自動車工業,,東Ｓ,卸売業,他個人サービス・製品,自動車メンテ用品,914.91,"4,570.0",8.00,3.06,コーティング剤など自社企画の自動車用品を販売。自動車補修部品の輸出事業も。好財務,16.22,0.00,
,66,,8130,サンゲツ,,東Ｐ、名Ｐ,卸売業,住宅設備・機器,住宅資材・設備,"1,712.65","2,893.0",10.00,5.18,インテリア最大手。壁紙は首位、カーテンや床材も有力。専門人材採用で空間デザイン力を強化,10.31,0.00,
,67,,8252,丸井グループ,,東Ｐ,小売業,百貨店,百貨店,"5,187.29","2,486.0",5.00,4.26,小売店は自社での販売から賃貸へ移行。自社『エポスカード』による割賦販売・手数料収入が柱,10.46,0.00,
,68,,8418,山口Fグループ,,東Ｐ,銀行業,地方銀行,地方銀行,"3,787.97","1,613.5",17.00,3.71,傘下に山口銀、もみじ銀、北九州銀。証券やリースにも展開し、金融コングロマリット化を標榜,5.05,―,
,69,,8424,芙蓉総合リース,,東Ｐ,その他金融業,リース・消費者金融,リース,"3,424.03","11,305.0",10.00,4.15,みずほ（旧富士銀）系。不動産リースに強み。再エネ投資や事業運営に傾注。買収でＢＰＯも拡充,10.42,5.83,
,70,,8425,みずほリース,,東Ｐ,その他金融業,リース・消費者金融,リース,"2,883.19","1,020.0",1.60,3.92,旧興銀系、みずほＦＧの顧客基盤活用。みずほＦＧ、丸紅の持分会社。持分会社にリコーリース,12.94,0.00,
,71,,8566,リコーリース,,東Ｐ,その他金融業,リース・消費者金融,リース,"1,574.65","5,040.0",25.00,4.06,リコー系。中小企業が顧客基盤。集金代行や投資事業など強化。みずほリースと資本業務提携,6.84,0.94,
,72,,8593,三菱HCキャピタル,,東Ｐ,その他金融業,リース・消費者金融,リース,"14,823.14","1,010.5",3.00,3.95,三菱ＵＦＪグループ。日立キャピタルと２１年４月統合。リース首位級。Ｍ＆Ａで海外展開加速,8.18,―,
,73,,8630,SOMPOHLD,,東Ｐ,保険業,損害保険,損害保険,"39,668.80","4,005.0",32.00,3.24,３メガ損保の一角。国内生保、海外損保の拡大推進。介護・ヘルスケアも収益の柱へと強化中,14.72,―,
,74,,8725,MS&ADHLD,,東Ｐ、名Ｐ,保険業,損害保険,損害保険,"51,533.09","3,204.0",55.00,4.36,損保首位級。傘下に三井住友海上、あいおいニッセイ同和。生保育成、アジア軸に欧米も拡大,14.10,―,
,75,,8804,東京建物,,東Ｐ,不動産業,不動産(非住宅),総合不動産,"5,242.78","2,506.5",17.00,3.19,旧安田系の総合不動産。賃貸ビルとマンションが主力。オフィスや物流など収益物件開発を強化,12.47,0.00,
,76,,9303,住友倉庫,,東Ｐ,倉庫・運輸関連業,倉庫・運輸サービス,倉庫,"2,153.94","2,718.0",0.00,3.71,倉庫大手で総合物流展開、傘下に遠州トラック。海運子会社売却。不動産賃貸下支え。土地含み大,4.89,0.00,
,77,,9432,NTT,,東Ｐ,情報・通信業,通信サービス,総合通信会社,"139,175.83",153.7,0.10,3.38,ＮＴＴグループ持株会社。ドコモ主力。固定電話独占、光回線高シェア。海外開拓・提携に注力,11.20,0.27,
,78,,9433,KDDI,,東Ｐ,情報・通信業,通信サービス,総合通信会社,"103,981.19","4,744.0",5.00,3.16,総合通信大手。携帯・光回線を展開。金融など非通信伸ばしライフデザイン企業への脱皮模索中,13.13,0.90,
,79,,9543,静岡ガス,,東Ｐ,電気・ガス業,ガス,都市ガス,777.16,"1,020.0",15.00,4.11,静岡市地盤で工業用に強み。販売量国内４位。清水ＬＮＧ基地活用し周辺地域へ卸供給を拡大,6.33,0.46,
,80,,9600,アイネット,,東Ｐ,情報・通信業,SI・ソフトウエア開発,システム運用,249.48,"1,536.0",3.00,3.64,ＤＣ（データセンター）規模は独立系上位。ＤＣ軸に情報処理・システム開発。宇宙関連事業強化,11.59,-9.24,
,81,,9658,ビジネス太田昭和,,東Ｐ,情報・通信業,SI・ソフトウエア開発,システム開発,265.95,"2,090.0",3.00,3.73,コンサル、システム構築・開発が柱。会計システムに強み。持分にグローバルセキュリティ社,8.07,0.00,
,82,,9746,TKC,,東Ｐ,情報・通信業,SI・ソフトウエア開発,システム運用,"1,929.94","3,630.0",0.00,3.03,会計事務所、地方公共団体向け情報サービスに特化。税理士の組織『ＴＫＣ全国会』が営業基盤,11.74,3.82,
,83,,9757,船井総研HLD,,東Ｐ,サービス業,他産業サービス・製品,経営コンサル,"1,159.00","2,318.0",10.00,3.62,経営コンサル大手。中小企業向け成長支援型コンサルに特色。住宅・不動産、医療業界等に強み,22.55,2.53,
,84,,9795,ステップ,,東Ｐ,サービス業,他個人サービス・製品,学習塾・教育事業,347.90,"2,087.0",4.00,4.07,神奈川県中西部軸に学習塾『ステップ』運営。県立トップ高受験に強み。横浜、川崎地区を攻略中,9.71,0.70,
,85,,9956,バローHLD,,東Ｐ、名Ｐ,小売業,コンビニ・食品小売り,食品スーパー・小売り,"1,140.75","2,113.0",3.00,3.31,中部地区地盤。食品スーパー軸に多角展開。傘下にホームセンター（ＨＣ）やドラッグストア,7.49,0.00,
,86,,9960,東テク,,東Ｐ,卸売業,設備機器・部品,空調,"1,061.26","2,529.0",19.67,3.47,空調・同関連機器商社の草分け。専業で首位。計装など工事部門拡大。保守工事子会社が強み,16.84,0.00,
,87,,9989,サンドラッグ,,東Ｐ,小売業,ドラッグストア,ドラッグストア,"4,898.54","4,105.0",16.00,3.41,東京西部地盤のドラッグ大手。西日本中心にディスカウントストアも展開。２４年キリン堂に出資,12.05,0.00,
